City_ID,City,Country,Lat,Lng,Max Temp,Humidity,Cloudiness,Wind Speed
0,Velventos,GR,40.2517,22.0631,51.8,43,87,2.3
1,Mahebourg,MU,-20.4081,57.7,78.8,83,40,5.75
2,Carnarvon,AU,-24.8667,113.6333,77.0,100,7,8.05
3,Sibiti,CG,-3.6819,13.3499,70.25,100,100,2.98
4,Hermanus,ZA,-34.4187,19.2345,57.99,88,4,1.59
5,Ponta Do Sol,PT,32.6667,-17.1,57.99,75,42,4.0
6,Cape Town,ZA,-33.9258,18.4232,66.2,68,0,14.97
7,Busselton,AU,-33.65,115.3333,64.0,99,81,1.99
8,Vestmanna,FO,62.1564,-7.1664,35.6,60,75,18.41
9,East London,ZA,-33.0153,27.9116,71.46,82,95,9.73
10,Mizdah,LY,31.4451,12.9801,57.92,36,38,15.99
11,Ushuaia,AR,-54.8,-68.3,55.4,71,20,8.05
12,San Pedro,PH,14.35,121.0167,81.0,83,40,13.65
13,Dapaong,TG,10.8639,0.205,77.72,18,18,6.08
14,Samana,DO,19.2056,-69.3369,78.8,83,20,4.61
15,Nanortalik,GL,60.1432,-45.2371,30.6,87,90,16.64
16,Bredasdorp,ZA,-34.5322,20.0403,59.0,77,7,4.61
17,Gat,IL,31.61,34.7642,55.99,84,16,3.06
18,Harper,LR,4.375,-7.7169,79.29,89,78,8.1
19,Paamiut,GL,61.994,-49.6678,26.83,84,61,11.81
20,Wicklow,IE,53.0,-6.4167,35.6,60,75,21.85
21,Berlevag,NO,70.8578,29.0864,24.01,92,100,25.59
22,Bengkulu,ID,-3.8004,102.2655,75.85,79,93,5.5
23,Atasu,KZ,48.6814,71.6433,32.36,98,100,27.85
24,Qaanaaq,GL,77.484,-69.3632,14.83,85,76,6.4
25,Vardo,NO,70.3705,31.1107,19.4,79,90,18.41
26,Luderitz,NA,-26.6481,15.1594,67.17,57,0,28.01
27,Buckingham,GB,51.9997,-0.9878,32.0,79,98,7.0
28,Arraial Do Cabo,BR,-22.9661,-42.0278,75.04,82,100,6.24
29,Maniitsoq,GL,65.4167,-52.9,25.99,79,0,18.19
30,Kumluca,TR,36.3703,30.2869,57.56,76,96,2.8
31,Minsk,BY,53.9,27.5667,-7.01,77,0,4.47
32,Cap Malheureux,MU,-19.9842,57.6142,75.99,87,24,1.99
33,Port Alfred,ZA,-33.5906,26.891,66.0,96,97,3.0
34,Albany,US,42.6001,-73.9662,28.0,62,99,3.0
35,Chuy,UY,-33.6971,-53.4616,65.55,82,58,8.25
36,Tsurib,RU,42.2368,46.8307,34.72,81,13,10.09
37,Codrington,AU,-38.2667,141.9667,59.81,65,100,13.67
38,Brae,GB,60.3964,-1.353,31.68,89,94,3.0
39,General Roca,AR,-39.0333,-67.5833,69.8,46,75,6.91
40,Marquette,US,46.5333,-87.6335,1.0,53,83,5.01
41,Jamestown,US,42.097,-79.2353,12.99,79,90,12.66
42,Mar Del Plata,AR,-38.0023,-57.5575,62.01,94,90,14.97
43,Khatanga,RU,71.9667,102.5,-28.75,79,0,11.07
44,Georgetown,MY,5.4112,100.3354,80.01,83,20,2.3
45,Oxapampa,PE,-10.5775,-75.4017,62.17,90,97,1.5
46,Punta Arenas,CL,-53.15,-70.9167,69.8,28,0,6.91
47,Poitiers,FR,46.5833,0.3333,37.4,81,90,8.05
48,Banda Aceh,ID,5.5577,95.3222,77.94,81,32,8.28
49,Port Elizabeth,ZA,-33.918,25.5701,64.99,90,72,1.01
50,Senno,RU,59.5336,33.9167,8.01,85,100,2.64
51,Saint-Philippe,RE,-21.3585,55.7679,80.6,61,90,8.05
52,Laguna,US,38.421,-121.4238,64.99,42,1,2.95
53,Tasiilaq,GL,65.6145,-37.6368,26.6,46,0,9.22
54,Yar-Sale,RU,66.8333,70.8333,-10.46,90,100,22.57
55,Longyearbyen,SJ,78.2186,15.6401,14.0,44,20,23.02
56,Saint George,US,37.1041,-113.5841,62.6,16,1,3.44
57,Necochea,AR,-38.5473,-58.7368,59.0,73,96,5.01
58,Victoria,HK,22.2855,114.1577,66.0,83,0,1.01
59,Bayan,CN,46.0833,127.4,-16.08,88,15,4.81
60,Jibuti,DJ,11.5,42.5,77.0,73,90,8.3
61,Bindura,ZW,-17.3019,31.3306,66.0,85,95,1.99
62,Dikson,RU,73.5069,80.5464,-32.49,85,90,14.97
63,Upernavik,GL,72.7868,-56.1549,18.28,79,12,4.36
64,Rocha,UY,-34.4833,-54.3333,62.17,93,53,5.06
65,Boguchany,RU,58.3814,97.4531,29.44,95,74,9.51
66,Halvad,IN,23.0167,71.1833,59.67,44,0,7.18
67,Namibe,AO,-15.1961,12.1522,72.32,78,85,5.1
68,Norrtalje,SE,59.758,18.705,15.01,92,0,4.61
69,Sechura,PE,-5.5569,-80.8222,80.2,59,36,15.75
70,Kavaratti,IN,10.5669,72.642,80.82,69,40,9.17
71,Westport,US,41.1415,-73.3579,32.0,86,75,8.05
72,Villarrica,PY,-25.75,-56.4333,68.83,75,0,1.99
73,Natal,BR,-5.795,-35.2094,82.4,78,40,12.66
74,Maceio,BR,-9.6658,-35.7353,77.0,88,0,8.05
75,Boleslawiec,PL,51.2642,15.5697,18.0,81,100,15.01
76,Ribeira Grande,PT,38.5167,-28.7,59.04,77,66,13.87
77,Kansanshi,ZM,-12.0951,26.4273,63.5,96,100,6.15
78,Lebu,CL,-37.6167,-73.65,59.25,92,35,1.3
79,Hamilton,US,39.1834,-84.5333,19.99,49,57,1.01
80,Lubao,PH,14.9167,120.55,78.8,78,75,2.3
81,Luanda,AO,-8.8368,13.2343,78.8,83,75,5.75
82,Hami,CN,42.8,93.45,28.51,80,81,1.34
83,Hithadhoo,MV,-0.6,73.0833,81.61,71,37,6.67
84,Atar,MR,20.5169,-13.0499,58.53,37,0,8.99
85,Abay,KZ,49.6311,72.8539,32.0,93,75,31.32
86,Muros,ES,42.7762,-9.0603,54.0,86,86,3.0
87,Cajamarca,PE,-7.1638,-78.5003,57.2,83,100,4.36
88,Kibre Mengist,ET,5.8833,38.9833,60.49,60,90,2.28
89,Hit,IQ,33.6416,42.8251,56.82,64,0,7.74
90,Vilhena,BR,-12.7406,-60.1458,75.2,88,20,6.91
91,Taoudenni,ML,22.6783,-3.9836,59.97,32,0,8.14
92,Lugovoy,KZ,42.9472,72.7644,40.08,70,100,3.02
93,Oistins,BB,13.0667,-59.5333,78.8,65,40,17.27
94,Ilulissat,GL,69.2167,-51.1,19.4,49,0,24.16
95,Owando,CG,-0.4819,15.8999,75.16,79,85,4.94
96,Alberton,CA,46.8168,-64.0654,26.6,54,100,8.05
97,Castro,BR,-24.7911,-50.0119,60.62,67,1,6.93
98,Itaberaba,BR,-12.5275,-40.3069,78.96,68,95,8.37
99,Chapleau,CA,47.8405,-83.4034,1.4,71,20,4.61
100,Bambous Virieux,MU,-20.3428,57.7575,78.8,83,40,5.75
101,Comodoro Rivadavia,AR,-45.8667,-67.5,62.6,59,0,19.57
102,Mehamn,NO,71.0357,27.8492,23.23,92,100,20.89
103,Coquimbo,CL,-29.9533,-71.3436,64.4,68,0,11.5
104,Quelimane,MZ,-17.8786,36.8883,75.65,90,56,1.88
105,Dingle,PH,10.9995,122.6711,76.89,90,100,11.21
106,Tsabong,BW,-26.0217,22.401,74.86,66,0,14.12
107,Bubaque,GW,11.2833,-15.8333,78.26,69,19,7.14
108,Saldanha,ZA,-33.0117,17.9442,62.6,72,0,13.8
109,Veraval,IN,20.9,70.3667,68.41,31,0,11.61
110,Taltal,CL,-25.4,-70.4833,65.25,74,24,4.43
111,Soyo,AO,-6.1349,12.3689,80.26,85,100,8.32
112,Tessalit,ML,20.1986,1.0114,60.75,30,100,10.42
113,Bodrum,TR,37.0383,27.4292,60.8,67,75,12.66
114,Dale,US,38.1689,-86.99,21.99,58,20,4.61
115,Sibolga,ID,1.7427,98.7792,76.01,77,100,3.71
116,Morros,BR,-9.4467,-46.3003,70.54,88,99,3.44
117,Kruisfontein,ZA,-34.0033,24.7314,64.99,90,90,1.99
118,Najran,SA,17.4924,44.1277,60.8,48,20,3.24
119,Bilma,NE,18.6853,12.9164,62.31,26,96,5.39
120,Tefe,BR,-3.3542,-64.7114,80.6,89,20,4.61
121,Buraydah,SA,26.326,43.975,51.8,100,40,3.44
122,Tabuk,PH,17.4189,121.4443,73.42,85,46,0.69
123,Watsa,CD,3.0372,29.5355,62.94,38,97,2.15
124,Griffin,US,33.2468,-84.2641,46.99,65,1,3.78
125,Los Llanos De Aridane,ES,28.6585,-17.9182,60.8,77,20,4.61
126,Hambantota,LK,6.1241,81.1185,76.17,81,3,13.82
127,Manjakandriana,MG,-18.9167,47.8,66.2,94,75,2.3
128,Clyde River,CA,70.4692,-68.5914,-2.2,84,75,9.22
129,Mehran,IR,33.1222,46.1646,37.4,93,0,4.61
130,Dutlwe,BW,-23.9833,23.9,64.45,94,80,9.24
131,Trairi,BR,-3.2778,-39.2689,80.08,81,0,8.88
132,Daoukro,CI,7.0591,-3.9631,77.38,83,61,4.81
133,Bardsir,IR,29.9227,56.5743,44.6,39,20,6.91
134,Leshukonskoye,RU,64.8989,45.7622,-22.31,86,100,7.99
135,Salalah,OM,17.0151,54.0924,71.6,68,75,5.75
136,Cayenne,GF,4.9333,-52.3333,80.6,83,75,11.5
137,Rio Pardo,BR,-29.9897,-52.3781,69.94,75,2,8.16
138,San Cristobal,VE,7.7669,-72.225,84.2,51,40,13.8
139,Camacha,PT,33.0833,-16.3333,60.8,88,75,17.27
140,Safaga,EG,26.7292,33.9365,57.2,72,0,7.27
141,Thompson,CA,55.7435,-97.8558,-25.6,68,40,17.27
142,Margate,GB,51.3813,1.3862,30.99,77,100,8.99
143,Zarnovica,SK,48.4812,18.7157,39.99,93,90,8.05
144,Abu Dhabi,AE,24.4667,54.3667,68.0,88,0,6.91
145,Road Town,VG,18.4167,-64.6167,78.8,69,20,6.91
146,Hualmay,PE,-11.0964,-77.6139,72.32,75,99,11.3
147,Itarema,BR,-2.9248,-39.9167,80.55,78,2,14.12
148,Dali,CN,25.7,100.1833,39.65,84,20,3.87
149,Ancud,CL,-41.8697,-73.8203,63.55,73,0,1.43
150,Kabare,CD,-2.4683,28.8242,60.91,82,91,2.33
151,Narsaq,GL,60.9167,-46.05,37.4,30,20,40.29
152,Cartagena,CO,10.3997,-75.5144,84.2,74,20,9.22
153,Moen,NO,69.1304,18.6123,19.4,93,90,1.14
154,Kasane,BW,-17.8167,25.15,67.17,97,100,4.83
155,La Palma,US,33.8464,-118.0467,69.01,55,1,8.05
156,Jabinyanah,TN,35.035,10.9081,57.2,77,40,14.65
157,Chapais,CA,49.7834,-74.8492,12.2,85,90,6.91
158,Kalevala,RU,65.2,31.1667,5.79,94,38,6.22
159,Qaqortoq,GL,60.7167,-46.0333,37.4,30,20,40.29
160,Bella Vista,US,36.4295,-94.2316,33.01,100,90,9.22
161,Sarmanovo,RU,55.2553,52.5891,-4.0,71,100,11.18
162,Coihaique,CL,-45.5752,-72.0662,77.0,29,0,9.22
163,Deep River,CA,46.1001,-77.4995,15.8,62,40,4.61
164,Bainbridge,US,47.6262,-122.5212,48.0,66,90,9.22
165,Port-Gentil,GA,-0.7193,8.7815,77.0,94,20,3.44
166,Nivala,FI,63.9167,24.9667,7.72,96,64,4.25
167,Moffat,GB,55.3323,-3.4454,33.01,72,77,8.01
168,Hobyo,SO,5.3505,48.5268,77.07,82,1,16.6
169,Tsarychanka,UA,48.937,34.4786,16.79,80,99,6.58
170,Pangnirtung,CA,66.1451,-65.7125,26.98,77,0,11.52
171,Astana,KZ,51.1801,71.446,19.4,93,90,8.95
172,Mashhad,IR,36.297,59.6062,42.8,70,20,4.61
173,Susangerd,IR,31.5608,48.1831,53.6,100,90,2.3
174,Marawi,PH,7.9986,124.2928,75.0,95,100,3.0
175,Goundam,ML,16.4145,-3.6708,70.0,21,100,10.87
176,Caravelas,BR,-17.7125,-39.2481,75.99,91,100,6.29
177,Chadiza,ZM,-14.0678,32.4392,66.24,96,100,2.3
178,Blagoyevo,RU,63.3667,47.9167,-21.82,84,100,9.42
179,Bafq,IR,31.6128,55.4107,54.23,57,72,6.6
180,Sao Miguel Do Araguaia,BR,-13.275,-50.1628,69.13,97,99,5.55
181,Dwarka,IN,22.2394,68.9678,67.66,46,0,11.12
182,Pompeu,BR,-19.2244,-44.9353,66.94,97,100,6.11
183,Iracoubo,GF,5.4802,-53.2011,78.3,81,100,14.18
184,Nioro,GM,13.35,-15.75,76.1,17,97,9.42
185,Marrakesh,MA,31.6315,-8.0083,48.2,87,63,4.61
186,Miedzyrzec Podlaski,PL,51.9864,22.7825,13.39,94,100,20.36
187,Iquitos,PE,-3.7481,-73.2472,78.8,83,75,4.61
188,Mumford,GH,5.2618,-0.759,80.65,86,78,11.32
189,Zheleznodorozhnyy,RU,55.7503,38.0042,6.8,72,20,8.95
190,Omboue,GA,-1.5746,9.2618,78.55,86,100,3.76
191,Massakory,TD,12.996,15.7293,66.74,22,1,10.56
192,Boa Vista,BR,2.8197,-60.6733,82.4,69,40,5.75
193,Havoysund,NO,70.9963,24.6622,24.8,80,90,17.27
194,Samagaltay,RU,50.6022,95.0047,2.26,87,77,2.53
195,Sao Filipe,CV,14.8961,-24.4956,68.88,75,100,14.07
196,Aginskoye,RU,51.1,114.53,-6.56,90,73,2.19
197,Nizhnedevitsk,RU,51.5419,38.3657,6.8,72,75,8.95
198,Nsanje,MW,-16.92,35.262,75.4,93,96,2.08
199,Talnakh,RU,69.4865,88.3972,-18.44,75,17,2.37
200,Torbay,CA,47.6666,-52.7314,30.0,69,20,33.38
201,Saint Anthony,US,45.0205,-93.218,-2.2,45,90,3.44
202,Helsinki,FI,60.1695,24.9355,21.2,93,75,4.61
203,Bahia De Caraquez,EC,-0.6,-80.4167,82.4,69,75,10.36
204,Eirunepe,BR,-6.6603,-69.8736,76.75,94,71,2.84
205,Vittoria,IT,36.9537,14.5332,53.6,82,90,8.05
206,Balkanabat,TM,39.5108,54.3671,46.33,71,53,9.26
207,Owosso,US,42.9978,-84.1766,7.0,72,1,4.61
208,Yermekeyevo,RU,54.0761,53.6712,-8.21,88,100,14.18
209,Klaksvik,FO,62.2266,-6.589,35.6,60,75,18.41
210,Paraguacu,BR,-21.5472,-45.7375,64.54,92,48,5.41
211,Kita,ML,13.0349,-9.4895,72.27,21,62,4.5
212,Valdivia,CL,-39.8142,-73.2459,68.0,68,0,8.05
213,Svetlogorsk,BY,52.6333,29.7333,4.37,93,89,5.53
214,Ayagoz,KZ,47.9714,80.4392,23.29,95,88,3.42
215,Aksarka,RU,66.5606,67.7975,-15.97,88,100,29.08
216,Farim,GW,12.4839,-15.2217,73.4,49,80,6.44
217,Luena,AO,-11.7833,19.9167,64.13,94,100,7.94
218,Moose Factory,CA,51.2585,-80.6094,-11.2,77,75,4.61
219,Korla,CN,41.7597,86.1469,31.19,78,71,3.56
220,Store Heddinge,DK,55.3097,12.3889,27.0,86,75,12.66
221,Tukrah,LY,32.5341,20.5791,68.47,33,100,33.49
222,Jardim,BR,-21.4803,-56.1381,70.59,69,0,4.63
223,Mantua,IT,45.1667,10.7833,48.99,96,75,1.99
224,Mandsaur,IN,24.0667,75.0667,54.9,40,0,3.0
225,Danielskuil,ZA,-28.1887,23.5395,69.48,71,39,12.17
226,Rio Gallegos,AR,-51.6226,-69.2181,64.4,45,0,19.57
227,Opuwo,NA,-18.0607,13.84,69.1,31,79,6.62
228,Sur,OM,22.5667,59.5289,63.36,72,0,3.96
229,Sept-Iles,CA,50.2001,-66.3821,17.6,73,49,2.3
230,Cockburn Town,TC,21.4612,-71.1419,77.0,83,20,6.91
231,Yining,CN,29.0361,114.5636,50.68,87,100,5.23
232,Muisne,EC,0.6,-80.0333,77.38,91,62,6.89
233,Shakhtinsk,KZ,49.71,72.5872,32.0,93,75,31.32
234,Lagoa,PT,39.05,-27.9833,57.81,77,80,17.29
235,Carutapera,BR,-1.195,-46.02,77.14,91,5,7.14
236,Gazojak,TM,41.1875,61.4036,46.85,76,100,8.14
237,Fez,MA,34.0372,-4.9998,48.2,93,40,4.61
238,Matara,LK,5.9485,80.5353,74.16,90,23,4.63
239,Vila Velha,BR,-20.3297,-40.2925,70.0,94,90,7.99
240,Iqaluit,CA,63.7506,-68.5145,30.2,74,90,18.41
241,Schluchtern,DE,50.3489,9.5253,19.99,80,100,11.01
242,Viransehir,TR,37.2353,39.7631,48.34,60,84,4.83
243,Novo Aripuana,BR,-5.1206,-60.3797,76.41,94,99,1.74
244,Fria,GN,10.4167,-13.5833,68.5,94,13,1.54
245,Puerto Leguizamo,CO,-0.1934,-74.7819,79.92,73,15,2.71
246,Camara De Lobos,PT,32.6333,-16.9667,59.0,77,20,4.61
247,Bahir Dar,ET,11.5936,37.3908,57.87,37,0,2.91
248,Dom Pedro,BR,-4.4833,-44.45,75.51,93,87,1.54
249,Sao Geraldo Do Araguaia,BR,-6.4006,-48.555,74.61,93,88,3.29
250,Isiro,CD,2.7739,27.616,63.55,39,100,1.25
251,Krasnoselkup,RU,65.7,82.4667,19.31,97,99,9.66
252,Sao Joao Da Barra,BR,-21.6403,-41.0511,71.42,95,100,7.38
253,Monrovia,LR,6.3005,-10.7969,75.2,100,20,6.85
254,Sao Francisco,BR,-15.9486,-44.8644,69.12,95,100,4.83
255,Pirot,RS,43.1531,22.5861,46.99,87,29,6.69
256,Cidreira,BR,-30.1811,-50.2056,70.65,71,0,8.25
257,Kirya,TZ,-3.9167,37.4833,75.79,71,100,1.52
258,Conceicao Da Barra,BR,-18.5933,-39.7322,74.82,92,100,5.75
259,Touros,BR,-5.1989,-35.4608,80.6,83,20,12.66
260,Kulhudhuffushi,MV,6.6221,73.07,81.05,74,56,9.4
261,Zemio,CF,5.0314,25.1361,61.95,30,64,4.36
262,Mamallapuram,IN,12.6264,80.1722,69.8,88,100,2.3
263,Monte Alegre,BR,-2.0078,-54.0692,81.12,71,33,3.42
264,Raga,SS,8.4596,25.678,57.52,35,94,2.59
265,Saint-Georges,GD,12.0564,-61.7485,78.8,78,40,17.27
266,Henties Bay,NA,-22.116,14.2845,64.99,88,97,7.0
267,Barpali,IN,21.2,83.5833,53.98,44,22,5.19
268,Kilindoni,TZ,-7.9139,39.6668,82.04,80,100,13.85
269,Labuhan,ID,-6.8844,112.2051,77.65,87,100,8.86
270,Hamina,FI,60.5697,27.1979,15.8,86,90,6.91
271,Wiarton,CA,44.7407,-81.1332,14.0,73,90,9.22
272,Marystown,CA,47.1666,-55.1483,30.56,90,59,24.05
273,Amalapuram,IN,16.5833,82.0167,64.92,93,74,3.11
274,Areosa,PT,41.7178,-8.8571,53.6,94,40,8.05
275,Kavkazskiy,RU,44.2672,42.2347,26.6,93,90,8.95
276,Mahibadhoo,MV,3.7833,72.9667,80.87,75,8,14.07
277,Yopal,CO,5.3378,-72.3959,83.43,53,99,5.79
278,Souillac,MU,-20.5167,57.5167,78.8,83,40,5.75
279,Aviles,ES,43.5547,-5.9248,50.0,87,90,5.75
280,Muzhi,RU,65.3667,64.6667,-15.36,89,100,20.89
281,Muli,MV,2.9167,73.5667,81.36,73,0,16.2
282,Kisangani,CD,0.5167,25.2,68.13,56,96,1.32
283,Reitz,ZA,-27.8014,28.4273,57.97,94,5,2.93
284,Nushki,PK,29.5542,66.0215,52.7,29,0,2.8
285,Ambilobe,MG,-13.2,49.05,73.31,93,50,1.99
286,Arrecife,ES,28.963,-13.5477,59.0,77,40,1.14
287,Danville,US,36.586,-79.395,44.6,42,1,12.66
288,Leninskoye,KZ,41.7589,69.3864,48.2,81,0,4.61
289,Gedo,ET,9.0167,37.45,49.62,59,61,2.13
290,Kalmunai,LK,7.4167,81.8167,76.57,87,28,10.92
291,Pahalgam,IN,34.0333,75.3333,31.91,70,46,9.15
292,Machinga,MW,-15.1685,35.3,68.2,95,98,2.01
293,Marondera,ZW,-18.1853,31.5519,61.29,98,84,1.83
294,Salgueiro,BR,-8.0742,-39.1192,78.55,51,89,1.57
295,Takoradi,GH,4.8845,-1.7554,79.81,86,61,8.93
296,Letlhakane,BW,-21.4167,25.5833,69.69,80,79,11.99
297,Hereford,GB,52.0568,-2.7148,33.01,80,89,3.0
298,Mbouda,CM,5.6258,10.2552,62.13,44,90,3.74
299,Ostrovnoy,RU,68.0531,39.5131,15.15,94,84,11.03
300,Campo Grande,BR,-20.4428,-54.6464,75.2,64,0,5.75
301,Vestmannaeyjar,IS,63.4427,-20.2734,38.41,77,66,25.1
302,Requena,ES,39.4883,-1.1004,55.0,69,90,22.21
303,Bandarbeyla,SO,9.4942,50.8122,74.84,81,29,17.52
304,Mingaora,PK,34.7758,72.3625,51.85,38,98,4.97
305,Havelock,US,34.8791,-76.9013,43.0,83,67,1.99
306,Kamarion,GR,36.8,25.8167,66.99,57,100,5.01
307,Imeni Babushkina,RU,59.7573,43.1285,-21.5,86,85,7.14
308,Kamenskiy,RU,50.8855,45.488,-4.88,90,71,13.29
309,Bud,US,39.447,-86.1758,12.99,55,100,5.7
310,Port Blair,IN,11.6667,92.75,76.95,81,12,12.44
311,Kungalv,SE,57.871,11.9805,14.0,76,0,5.01
312,Priiskovyy,RU,51.9333,116.6333,-8.32,87,74,2.53
313,Bathsheba,BB,13.2167,-59.5167,78.8,65,40,17.27
314,Salisbury,GB,51.0693,-1.7957,34.0,74,75,18.41
315,Saint-Augustin,CA,51.226,-58.6502,20.95,92,9,15.12
316,Abnub,EG,27.2696,31.1511,55.4,71,0,5.75
317,Horodnya,UA,51.8909,31.5974,6.21,92,100,4.0
318,Orahovac,XK,42.3994,20.6547,50.0,62,75,14.97
319,Zhangye,CN,38.9342,100.4517,25.63,72,53,2.71
320,Praia Da Vitoria,PT,38.7333,-27.0667,57.2,77,40,12.33
321,Trincomalee,LK,8.5711,81.2335,78.46,83,11,19.01
322,El Paso,US,31.8001,-106.2005,73.4,7,20,14.97
323,Vuktyl,RU,63.8567,57.3094,-22.23,86,100,8.93
324,Riviere-Du-Loup,CA,47.8304,-69.5342,24.8,79,100,1.14
325,Dibulla,CO,11.2725,-73.3091,78.12,76,74,6.38
326,Huanta,PE,-12.9333,-74.25,58.84,75,81,7.18
327,Aripuana,BR,-9.1667,-60.6333,72.61,97,97,1.79
328,Rock Sound,BS,24.9,-76.2,75.54,89,0,9.31
329,Port-Cartier,CA,50.0334,-66.8654,17.6,73,48,2.3
330,Tazovskiy,RU,67.4667,78.7,-8.48,91,100,17.94
331,Basoko,CD,1.2391,23.616,70.43,44,100,1.7
332,Arroio Grande,BR,-32.2375,-53.0869,66.99,82,5,11.01
333,Yugo-Kamskiy,RU,57.7053,55.5894,-9.4,64,75,15.66
334,Jalu,LY,29.0331,21.5482,67.28,25,99,18.54
335,Jiayuguan,CN,39.8167,98.3,25.57,72,80,4.14
336,Zabid,YE,14.1951,43.3152,72.12,77,58,4.76
337,Umm Lajj,SA,25.0213,37.2685,70.48,35,0,20.38
338,Tereze,RU,43.9361,42.4434,26.6,93,90,8.95
339,Ulaangom,MN,49.9811,92.0667,-6.74,90,100,0.87
340,Kutum,SD,14.2,24.6667,51.01,41,0,7.23
341,Pietroasa,RO,46.5833,22.55,43.0,93,75,4.61
342,Nizwa,OM,22.9333,57.5333,53.38,70,9,1.88
343,Matay,EG,28.419,30.7792,57.33,37,2,5.93
344,Chala,TZ,-7.5833,31.2667,58.53,100,100,2.84
345,Magway,MM,20.15,94.9167,60.01,53,0,4.47
346,Sao Miguel Do Tapuio,BR,-5.5036,-41.3233,81.64,53,54,2.28
347,Ust-Tsilma,RU,65.441,52.1498,-18.44,85,100,10.54
348,Tame,CO,6.461,-71.73,77.68,66,99,5.57
349,Porto Santo,PT,33.072,-16.3415,60.8,88,75,17.27
350,Parauna,BR,-16.9478,-50.4486,69.53,90,12,1.59
351,Berck,FR,50.4,1.6,28.4,86,90,6.91
352,Mega,ET,4.05,38.3,66.0,50,91,6.55
353,Koungheul,SN,13.9833,-14.8,74.89,18,78,10.22
354,Puerto Madryn,AR,-42.7692,-65.0385,60.1,56,3,12.77
355,Salmas,IR,38.1973,44.7653,30.2,93,33,6.91
356,Kemijarvi,FI,66.7131,27.4306,9.09,94,11,7.16
357,Les Cayes,HT,18.2,-73.75,75.09,70,6,3.09
358,Tastur,TN,36.5513,9.4431,55.4,76,40,6.91
359,Damara,CF,4.9608,18.7035,78.8,65,20,0.65
360,Bodden Town,KY,19.2833,-81.25,82.4,69,20,10.36
361,Bagan,RU,54.1001,77.6646,7.75,94,55,12.59
362,Ashford,GB,51.1459,0.8728,30.99,91,98,5.01
363,Atocha,BO,-20.9333,-66.2333,49.93,74,99,18.88
364,Faya,SA,18.3851,42.4509,55.4,47,0,10.36
365,Nagua,DO,19.3832,-69.8474,78.8,83,20,4.61
366,Spring Hill,US,28.4769,-82.5255,62.6,77,1,8.05
367,Barcelos,PT,41.5388,-8.6151,53.6,94,40,8.05
368,Japura,ID,-0.3167,102.35,73.65,90,100,1.07
369,Nouadhibou,MR,20.931,-17.0347,62.6,77,0,18.41
370,Muscat,OM,23.6139,58.5922,68.0,68,0,3.44
371,Walvis Bay,NA,-22.9575,14.5053,64.99,82,15,11.5
372,Oranjemund,NA,-28.55,16.4333,62.33,78,0,19.48
373,Pontes E Lacerda,BR,-15.2261,-59.3353,74.7,67,69,4.16
374,San Jose,US,37.3394,-121.895,68.0,37,75,8.05
375,Gander,CA,48.9682,-54.5906,26.6,74,20,25.32
376,Neustadt,DE,49.7117,12.0872,25.0,86,90,5.21
377,Jizan,SA,17.3333,42.6667,75.2,69,20,1.99
378,Honavar,IN,14.2833,74.45,70.99,41,44,4.25
379,Tura,IN,25.5198,90.2201,56.86,44,2,2.84
380,Chicama,PE,-7.8447,-79.1469,75.31,62,83,7.14
381,Mugur-Aksy,RU,50.35,90.5,6.22,83,23,5.99
382,Buchlovice,CZ,49.0863,17.3385,32.0,92,100,3.0
383,Illapel,CL,-31.6308,-71.1653,65.55,57,0,4.16
384,Guider,CM,9.9342,13.9486,72.55,20,53,6.76
385,Polis,CY,35.0367,32.4264,53.6,87,40,6.91
386,Nacala,MZ,-14.5428,40.6728,77.74,90,100,4.09
387,Huarmey,PE,-10.0681,-78.1522,73.53,70,99,9.73
388,Sinnamary,GF,5.3833,-52.95,78.08,83,99,14.43
389,Pisco,PE,-13.7,-76.2167,73.4,78,75,9.22
390,Puerto Varas,CL,-41.3195,-72.9854,73.4,56,0,9.22
391,Chimala,TZ,-8.85,34.0167,67.46,80,100,0.67
392,Ibicui,BR,-14.8417,-39.9867,72.1,94,100,2.24
393,Cheveresu Mare,RO,45.6669,21.4908,50.0,93,0,6.91
394,Rapar,IN,23.5667,70.6333,63.72,38,0,7.07
395,Tshikapa,CD,-6.4167,20.8,71.06,88,69,1.81
396,Tocopilla,CL,-22.092,-70.1979,70.68,68,49,5.5
397,Nova Olimpia,BR,-14.7972,-57.2881,75.47,63,3,2.06
398,Olafsvik,IS,64.8945,-23.7142,34.34,83,51,15.35
399,Bereda,ES,43.2686,-7.5406,48.99,100,100,8.99
400,Saint Simons,US,31.1352,-81.3901,53.6,71,1,6.91
401,Arlit,NE,18.7369,7.3853,69.85,18,100,6.02
402,Rawah,IQ,34.4816,41.9093,55.08,76,0,6.62
403,Tiznit,MA,29.5833,-9.5,50.63,84,92,3.09
404,Akdepe,TM,42.0551,59.3788,41.0,87,0,6.91
405,Nara,JP,34.6851,135.8049,45.0,65,40,9.22
406,Porto De Moz,BR,-1.7483,-52.2383,76.24,87,70,5.41
407,Hauge,NO,58.3436,6.2812,24.01,65,0,18.43
408,Dingli,MT,35.8614,14.3822,57.2,72,0,21.85
409,Batsfjord,NO,70.6345,29.7185,19.4,79,90,18.41
410,Ginda,IN,30.6945,78.4932,46.18,40,0,6.26
411,Kuznechnoye,RU,61.12,29.8686,15.01,95,93,6.24
412,Filadelfia,US,39.9523,-75.1638,35.6,87,40,8.05
413,Espanola,US,35.9911,-106.0806,57.2,14,1,5.75
414,Cabedelo,BR,-6.9811,-34.8339,80.6,83,20,9.22
415,Santa Barbara,US,34.7333,-120.0343,68.0,48,1,9.22
416,Marzuq,YE,14.4,46.4667,58.12,50,0,4.25
417,Parabel,RU,58.6978,81.4825,7.63,93,100,12.46
418,Teruel,ES,40.6667,-0.6667,48.2,75,0,8.05
419,Arona,ES,28.0996,-16.681,63.0,77,75,4.61
420,Alencon,FR,48.4333,0.0833,35.6,75,90,5.75
421,Yenangyaung,MM,20.4667,94.8833,61.57,52,0,5.93
422,Santa Cruz,BO,-17.8,-63.1667,86.0,62,40,3.44
423,Grindavik,IS,63.8424,-22.4338,33.8,69,0,13.8
424,Kachiry,KZ,53.0675,76.1036,17.13,95,50,12.26
425,Nagram,IN,26.6167,81.1333,50.0,93,0,3.49
426,Camacupa,AO,-12.0167,17.4833,63.77,94,100,1.72
427,Santa Maria,BR,-29.6842,-53.8069,77.0,69,20,3.44
428,Kudahuvadhoo,MV,2.6708,72.8944,81.3,71,29,15.84
429,Ubinskoye,RU,55.3068,79.6802,9.64,95,100,15.03
430,Khorramshahr,IR,30.4397,48.1664,55.4,94,0,2.3
431,Kopavogur,IS,64.1123,-21.913,35.6,51,0,11.5
432,Riedlingen,DE,48.1545,9.4756,36.0,96,100,7.54
433,Qasigiannguit,GL,68.8193,-51.1922,19.4,49,0,24.16
434,Nuuk,GL,64.1835,-51.7216,30.2,47,20,16.11
435,Oudtshoorn,ZA,-33.5907,22.2014,62.6,88,75,5.75
436,Verkhnyaya Inta,RU,65.9811,60.3094,-14.4,89,100,8.55
437,Dunfermline,GB,56.0716,-3.4589,35.01,69,0,14.97
438,Adrar,MR,20.5022,-10.0711,57.81,35,0,9.19
439,Gamboma,CG,-1.8764,15.8644,73.85,85,60,4.45
440,Kashi,CN,39.4547,75.9797,33.8,51,20,6.71
441,Zvishavane,ZW,-20.3267,30.0665,68.09,89,100,3.78
442,Chabahar,IR,25.2919,60.643,65.03,61,0,4.9
443,Livingston,GB,55.9029,-3.5226,33.8,69,0,14.97
444,Wajir,KE,1.7471,40.0573,76.15,72,60,18.7
445,Yanam,IN,16.7333,82.2167,68.05,87,64,2.64
446,San Carlos Del Zulia,VE,9.0,-71.9135,80.02,73,39,3.62
447,Mikhaylovka,RU,50.06,43.2379,7.0,78,0,5.99
448,Issa,RU,53.8705,44.8578,-0.67,92,100,13.15
449,Ozinki,RU,51.1786,49.6769,-7.69,89,1,13.82
450,Plettenberg Bay,ZA,-34.0527,23.3716,63.75,79,81,7.45
451,Havre-Saint-Pierre,CA,50.2334,-63.5986,19.4,79,1,11.5
452,Kaniama,CD,-7.5667,24.1833,66.69,95,98,2.46
453,Honningsvag,NO,70.9821,25.9704,25.77,92,100,23.82
454,Quilmana,PE,-12.95,-76.3833,72.01,75,86,3.83
455,Alexandria,EG,31.2156,29.9553,57.2,88,0,4.61
456,Rosetta,EG,31.4044,30.4164,57.2,88,0,4.61
457,Pipri,IN,19.8,75.5333,60.6,30,65,6.82
458,Novovelichkovskaya,RU,45.2778,38.8436,27.0,100,100,10.2
459,Bjornevatn,NO,69.6672,29.9847,23.0,80,75,23.02
460,Corbu,RO,44.3833,28.65,46.4,100,90,9.22
461,Porto Novo,BJ,6.4965,2.6036,84.2,89,40,13.8
462,Alamor,EC,-4.0181,-80.0197,84.2,65,75,2.3
463,Segou,ML,13.4317,-6.2157,74.57,20,94,14.36
464,Vila Do Maio,CV,15.1333,-23.2167,68.0,68,40,21.85
465,Sambava,MG,-14.2667,50.1667,75.56,91,91,5.44
466,Bhuban,IN,20.8833,85.8333,58.21,65,1,2.86
467,Menongue,AO,-14.6585,17.691,64.63,90,99,4.76
468,Guaratinga,BR,-16.5667,-39.5667,78.8,83,40,8.05
469,Kimberley,ZA,-28.7323,24.7623,73.4,60,0,9.22
470,Paragominas,BR,-2.9667,-47.4833,75.29,89,86,4.03
471,Catamarca,AR,-28.4696,-65.7852,73.99,76,13,1.99
472,Oussouye,SN,12.485,-16.5469,71.6,83,0,4.61
473,Makinsk,KZ,52.6292,70.4169,10.47,96,100,4.29
474,Dakar,SN,14.6937,-17.4441,66.2,72,0,10.36
475,Hlinsko,CZ,49.7621,15.9076,21.0,85,100,14.0
476,Myitkyina,MM,25.3833,97.4,54.72,59,53,2.37
477,Kenosha,US,42.5667,-88.0501,1.4,55,90,9.22
478,Saint-Pierre,RE,-21.3393,55.4781,80.6,61,90,8.05
479,Aksu,CN,41.1231,80.2644,25.93,89,78,0.38
480,Kathmandu,NP,27.7167,85.3167,39.2,93,20,2.3
481,Bhuj,IN,23.2667,69.6667,61.52,36,0,5.44
482,Novoagansk,RU,61.9449,76.6625,7.39,95,100,8.81
483,Mabaruma,GY,8.2,-59.7833,73.11,97,100,4.61
484,Bosaso,SO,11.2842,49.1816,73.56,80,14,1.95
485,Lowestoft,GB,52.4752,1.7516,30.99,94,100,10.0
486,Beyneu,KZ,45.3167,55.2,24.31,87,81,15.43
487,Hofn,IS,64.2539,-15.2082,37.08,83,100,16.42
488,Keetmanshoop,NA,-26.5833,18.1333,75.34,38,0,10.98
489,Holzkirchen,DE,47.8766,11.7018,33.01,1,100,10.83
490,Nandaime,NI,11.757,-86.0529,89.6,58,0,6.91
491,Joshimath,IN,30.5667,79.5667,48.18,29,0,8.99
492,Mont-De-Marsan,FR,44.0,-0.6667,45.0,93,100,2.3
493,Shablykino,RU,52.8566,35.1964,-4.13,92,41,6.33
494,Grand Gaube,MU,-20.0064,57.6608,75.99,87,43,1.99
495,Beloha,MG,-25.1667,45.05,74.43,96,15,4.47
496,Kalengwa,ZM,-13.4659,25.0027,65.97,97,100,4.14
497,Angoche,MZ,-16.2325,39.9086,77.94,87,44,6.04
498,Laredo,US,27.5064,-99.5075,77.0,33,1,13.8
499,Chinsali,ZM,-10.5414,32.0816,64.6,98,100,5.35
500,Yenagoa,NG,4.9247,6.2642,79.63,87,98,4.72
501,Gonbad-E Qabus,IR,37.25,55.1672,54.0,61,100,3.89
502,Kathu,TH,7.9178,98.3332,75.2,94,20,13.02
503,Nantucket,US,41.2835,-70.0995,35.01,100,90,31.07
504,Saraland,US,30.8207,-88.0706,55.4,54,1,9.22
505,Vredendal,ZA,-31.6683,18.5012,58.14,76,0,5.7
506,Nortelandia,BR,-14.4547,-56.8028,75.6,69,28,1.48
507,Saint-Leu,RE,-21.15,55.2833,77.0,61,11,2.17
508,Lasa,IT,46.6166,10.7002,39.0,93,90,6.91
509,Lydenburg,ZA,-25.0978,30.4597,59.34,89,100,2.55
510,Ozimek,PL,50.6794,18.2137,18.0,10,100,8.01
511,Meulaboh,ID,4.1363,96.1285,76.32,85,63,3.87
512,Abapo,BO,-18.8333,-63.4667,73.15,69,99,3.24
513,Bondoukou,CI,8.0333,-2.8,81.82,43,44,4.7
514,Molochnoye,RU,59.2917,39.6787,-17.79,88,2,8.08
515,Canton,CN,23.1167,113.25,72.0,72,79,2.24
516,Talara,PE,-4.5772,-81.2719,75.67,77,0,11.61
517,Tara,RU,56.8944,74.371,4.87,93,100,12.59
518,Moshupa,BW,-24.7782,25.4155,69.8,100,0,4.61
519,Georgiyevka,KZ,43.0369,74.7114,41.0,75,100,4.47
520,Inirida,CO,3.8653,-67.9239,75.88,92,100,0.56
521,Newala,TZ,-10.9431,39.2787,67.44,100,92,2.57
522,Jamame,SO,0.0722,42.7506,75.2,81,0,10.47
523,Inhambane,MZ,-23.865,35.3833,78.8,85,99,7.29
524,La Asuncion,VE,11.0333,-63.8628,76.51,86,33,17.34
525,Vicosa,BR,-20.7539,-42.8819,64.51,96,100,5.64
526,Saint-Paul,RE,-21.0096,55.2707,75.2,88,75,3.44
527,Yuksekova,TR,37.5736,44.2872,30.2,93,4,6.91
528,Huambo,AO,-12.7761,15.7392,62.98,76,100,3.56
529,Manadhoo,MV,5.7667,73.3833,81.19,71,20,9.31
530,Syracuse,IT,37.0881,15.2792,57.2,82,75,23.02
531,Maldonado,UY,-34.6667,-54.9167,72.0,78,75,9.22
532,Bayir,TR,37.2687,28.2167,60.8,67,75,12.66
533,San Luis,AR,-33.295,-66.3356,79.38,32,23,5.32
534,Fredericton,CA,45.9454,-66.6656,24.8,58,90,3.44
535,Ivankiv,UA,50.9386,29.8943,10.4,85,90,8.95
536,Mamlyutka,KZ,54.9375,68.5394,2.53,93,93,13.69
537,Osorio,BR,-29.8867,-50.2697,65.37,82,1,2.04
538,Odweyne,SO,9.4092,45.064,63.32,57,37,8.41
539,Chanasma,IN,23.7167,72.1167,58.41,33,0,7.36
540,Elizabeth City,US,36.2946,-76.2511,39.99,81,40,8.05
541,Taunggyi,MM,20.7833,97.0333,48.33,100,0,1.28
542,Burlington,US,39.8835,-74.6413,35.6,93,90,5.75
543,Pathein,MM,16.7833,94.7333,69.69,63,80,6.17
544,Nova Soure,BR,-11.2333,-38.4833,77.18,74,70,10.71
545,Acari,PE,-15.4311,-74.6158,73.8,69,68,4.32
546,Clarence Town,AU,-32.5833,151.7833,75.0,64,75,19.57
547,Nalut,LY,30.3333,10.85,56.3,37,0,14.18
548,Burla,IN,21.5,83.8667,54.88,49,3,6.78
549,Dunajska Streda,SK,47.9927,17.6121,39.0,93,100,4.0
550,Bonavista,CA,48.6499,-53.1147,30.0,68,0,14.97
551,Rovaniemi,FI,66.5,25.7167,10.4,85,0,9.22
552,Goderich,CA,43.7501,-81.7165,12.2,67,100,14.97
553,Krasnoyarskiy,RU,51.965,59.8967,-9.53,89,65,15.52
554,Bonthe,SL,7.5264,-12.505,78.85,84,21,5.19
555,Lerwick,GB,60.1545,-1.1494,32.76,85,100,4.07
556,Pozo Colorado,PY,-23.4923,-58.7972,74.52,49,0,5.73
557,Xining,CN,36.6167,101.7667,20.91,55,31,1.63
558,Mao,ES,39.8885,4.2658,48.2,76,0,8.05
559,Nieuw Amsterdam,SR,5.8833,-55.0833,82.4,74,40,9.22
560,Romny,UA,50.751,33.4747,5.94,93,100,3.53
561,Coihueco,CL,-36.6167,-71.8333,71.6,64,40,12.66
562,Matadi,CD,-5.8167,13.45,77.07,90,100,4.23
563,Vallenar,CL,-28.5708,-70.7581,65.75,56,0,3.65
564,Dawei,MM,14.0833,98.2,69.57,69,1,2.57
565,Suez,EG,29.9737,32.5263,59.29,55,28,3.4
566,Strezhevoy,RU,60.7333,77.5889,10.4,85,75,13.42
567,Vetlanda,SE,57.4289,15.0776,19.0,93,75,9.22
568,Umm Kaddadah,SD,13.6017,26.6876,61.45,30,0,14.45
569,Lokoja,NG,7.8024,6.743,80.28,17,100,3.02
570,Geraldton,AU,-28.7667,114.6,71.6,73,75,13.8
571,Richards Bay,ZA,-28.783,32.0377,74.88,93,93,5.14
572,Carballo,ES,43.213,-8.691,48.99,95,100,3.0
573,Amapa,BR,1.0,-52.0,73.0,98,100,3.53
574,Sitio Novo Do Tocantins,BR,-5.5183,-47.4611,75.24,89,85,1.43
575,Abakaliki,NG,6.3163,8.1169,77.0,50,92,5.75
576,Paso De Los Toros,UY,-32.8167,-56.5167,76.3,42,0,3.18
577,Jacareacanga,BR,-6.2222,-57.7528,75.11,94,100,0.81
578,Upington,ZA,-28.4478,21.2561,78.8,36,0,11.5
579,Salinopolis,BR,-0.6136,-47.3561,78.53,88,78,10.69
580,Oranjestad,AW,12.524,-70.027,78.8,78,20,19.57
581,Sakakah,SA,29.9697,40.2064,48.2,81,0,3.36
582,Mormugao,IN,15.4,73.8,75.2,46,51,10.36
583,Riyadh,SA,24.6877,46.7219,57.2,72,0,9.22
584,Saint-Francois,FR,46.4154,3.9054,37.99,87,90,5.75
585,Nadvoitsy,RU,63.8667,34.3167,0.1,92,68,5.73
586,Mae Hong Son,TH,19.3003,97.9685,61.66,87,77,0.6
587,Vapi,IN,20.3718,72.9049,68.49,33,0,4.63
588,Quatre Cocos,MU,-20.2078,57.7625,78.8,83,40,5.75
589,Husavik,IS,66.0449,-17.3389,32.0,74,90,5.75
590,Guaimaro,CU,21.05,-77.35,71.6,94,75,1.14
591,Karlskrona,SE,56.1616,15.5866,21.2,100,40,11.5
592,Banes,CU,20.9625,-75.7186,80.6,74,20,12.66
593,Souris,CA,49.6172,-100.2612,-16.6,58,20,17.27
594,Kikwit,CD,-5.041,18.8162,72.66,85,90,1.9
595,Baherden,TM,38.4362,57.4316,53.92,64,100,5.48
596,Josanicka Banja,RS,43.3895,20.7503,46.4,71,0,3.44
597,Tasgaon,IN,17.0333,74.6,65.98,35,76,10.65
598,Pavagada,IN,14.1,77.2667,61.9,59,100,5.17
599,Kaputa,ZM,-8.4689,29.6619,70.72,79,100,2.95
600,Bojnurd,IR,37.4747,57.329,50.0,81,90,4.61
601,Mitu,CO,1.1983,-70.1733,74.43,97,83,1.83
602,Malakal,SS,9.5334,31.6605,68.29,23,56,6.89
603,Gobabis,NA,-22.45,18.9667,66.52,80,11,11.74
604,Ayia Galini,GR,35.1,24.6833,64.99,67,100,9.4
605,Russkaya Polyana,UA,49.417,31.9201,11.14,95,100,10.4
606,Diffa,NE,13.3154,12.6113,66.45,23,1,9.6
607,Nuoro,IT,40.3211,9.3297,53.6,66,0,8.05
608,Oktyabrskiy,RU,54.4815,53.471,-6.54,88,100,14.47
609,Tutoia,BR,-2.7619,-42.2744,79.92,86,24,8.14
610,Obigarm,TJ,38.7173,69.7088,42.26,63,100,6.08
611,Nokaneng,BW,-19.6667,22.2667,68.43,92,100,13.76
612,Adiake,CI,5.2863,-3.304,82.4,94,63,9.22
613,Buritis,BR,-15.6178,-46.4233,69.98,89,100,7.63
614,Kortkeros,RU,61.8106,51.5806,-18.4,76,90,8.95
615,Scarborough,GB,54.2797,-0.4044,34.0,66,100,8.99
616,Mogadishu,SO,2.0371,45.3438,77.32,81,17,23.02
617,Turmalina,BR,-17.2856,-42.73,67.06,97,100,4.36
618,Piacabucu,BR,-10.4056,-36.4344,78.84,77,74,13.51
619,Basar,IN,27.9833,94.6667,53.6,94,40,3.44
620,Ilabaya,PE,-17.4208,-70.5133,68.79,64,96,4.47
621,Agirish,RU,61.9247,63.0231,-13.18,90,100,7.72
622,Haukipudas,FI,65.1765,25.3523,-0.4,85,0,4.61
623,Kidal,ML,18.4411,1.4078,67.8,25,97,11.3
624,Orikum,AL,40.3253,19.4714,61.14,62,73,30.24
625,Aktau,KZ,43.65,51.2,28.4,69,40,11.18
626,Pangody,RU,65.85,74.4859,2.8,94,100,15.23
627,Gryazovets,RU,58.88,40.2525,-19.57,88,28,7.14
628,Rawson,AR,-43.3002,-65.1023,59.13,59,7,14.61
629,Pasighat,IN,28.0667,95.3333,56.43,45,0,2.71
630,Bam,IR,29.106,58.357,57.2,35,12,11.1
631,Longonjo,AO,-12.9067,15.2533,64.09,78,100,4.52
632,Ayolas,PY,-27.4,-56.9,72.91,61,0,2.24
633,Nicoya,CR,10.1483,-85.452,87.8,45,0,19.57
634,Mezen,RU,65.8522,44.24,-20.4,88,76,5.7
635,Nanyamba,TZ,-10.6833,39.8333,73.0,98,100,3.2
636,Tahoua,NE,14.8888,5.2692,73.11,15,100,11.54
637,Loiza,PR,18.4313,-65.8802,80.6,78,20,12.66
638,Kamenka,RU,51.3223,42.7678,-8.07,91,12,9.01
639,Luziania,BR,-16.2525,-47.9503,68.0,94,75,2.3
640,Awjilah,LY,29.1081,21.2869,68.04,24,100,18.28
641,Ludwigslust,DE,53.3167,11.5,25.0,67,100,17.0
642,Kenda,IN,23.2,86.5333,56.44,61,0,7.49
643,Dasoguz,TM,41.8363,59.9666,39.2,87,0,6.91
644,Maridi,SS,4.9158,29.4742,66.54,27,80,3.24
645,Rio Grande,BR,-32.035,-52.0986,70.0,73,0,10.18
646,Sorland,NO,67.667,12.6934,35.82,80,61,10.07
647,Olinda,BR,-8.0089,-34.8553,80.6,69,40,8.05
648,Garowe,SO,8.4054,48.4845,66.36,86,3,7.52
649,Balykshi,KZ,47.0667,51.8667,6.8,78,0,8.95
650,Vangaindrano,MG,-23.35,47.6,76.1,92,82,5.5
651,Manoel Urbano,BR,-8.8389,-69.2597,76.28,95,96,2.55
652,Abu Kamal,SY,34.4506,40.9171,56.16,59,0,6.29
653,Voyvozh,RU,62.892,54.9635,-24.7,86,100,9.53
654,Antofagasta,CL,-23.65,-70.4,68.0,77,20,13.8
655,Koumra,TD,8.9126,17.5539,70.11,19,72,5.21
656,Bhag,PK,29.0415,67.8239,60.4,30,16,2.44
657,Musselburgh,GB,55.9417,-3.0499,34.0,69,0,14.97
658,Derzhavinsk,KZ,51.1,66.3167,12.43,96,100,5.99
659,Ulvik,NO,60.5672,6.9187,8.01,83,0,5.46
660,Ruwi,OM,23.5996,58.5507,68.0,68,0,3.44
661,Yumen,CN,40.2833,97.2,27.63,75,81,7.54
662,Yaviza,PA,8.1537,-77.6931,79.57,78,51,3.51
663,Gravdal,NO,68.1214,13.5031,32.52,89,57,9.19
664,Machachi,EC,-0.5,-78.5667,64.4,55,75,17.27
665,Bhadohi,IN,25.4167,82.5667,49.89,59,0,4.74
666,Roros,NO,62.5747,11.3842,3.2,85,90,3.44
667,Tabas,IR,33.5959,56.9244,53.92,51,88,2.39
668,Abong Mbang,CM,3.9833,13.1833,70.68,66,98,3.02
669,Roald,NO,62.5833,6.1333,23.0,54,0,12.66
670,Teya,RU,60.3778,92.6267,16.59,93,69,10.29
671,Quimperle,FR,47.8667,-3.55,36.0,87,90,9.22
672,Storforshei,NO,66.4043,14.5233,12.0,86,9,1.77
673,Novoseleznevo,RU,55.6821,69.2056,5.11,94,96,13.13
674,Kaliua,TZ,-5.0606,31.7936,68.63,89,100,2.17
675,Mandera,KE,3.9366,41.867,76.68,59,59,14.85
676,Timmins,CA,48.4669,-81.3331,-2.2,71,20,2.3
677,Dvinskoy,RU,62.1535,45.1175,-21.75,84,94,8.34
678,Bushehr,IR,28.9684,50.8385,62.65,75,0,9.75
679,Sargur,IN,11.9833,76.4167,60.04,64,87,4.65
680,Mitsamiouli,KM,-11.3847,43.2844,82.71,74,92,7.63
681,Karasjok,NO,69.4719,25.5112,19.4,73,40,11.5
682,San Rafael Del Sur,NI,11.8485,-86.4384,89.6,43,20,11.5
683,Asyut,EG,27.181,31.1837,55.4,71,0,5.75
684,Oulainen,FI,64.2667,24.8,18.0,89,21,4.0
685,Ushtobe,KZ,45.2514,77.9838,32.81,92,100,5.95
686,Ihosy,MG,-22.4,46.1167,68.63,90,100,1.7
